loss,dice,iou,pixel_accuracy
0.28122099890158725,0.8709689816252861,0.7714305164788093,0.9610638427734435
