loss,pixel_accuracy,macro_dice_fg,macro_iou_fg
2.2461488008499146,0.7485387802124502,0.22235800581649842,0.1309887174807329
