loss,pixel_accuracy,macro_dice_fg,macro_iou_fg,macro_dice_thoracic,macro_dice_lumbar
1.9784328242142994,0.8120143229166871,0.32260175247560924,0.200097270704437,0.2921872885628138,0.39559646586631825
