loss,dice,iou,pixel_accuracy
0.26998777229052323,0.8767006538003056,0.7804692994493759,0.963134613037115
