loss,pixel_accuracy,macro_dice_fg,macro_iou_fg
2.4373330593109133,0.7221155166626506,0.18962525861644539,0.11043407577943465
