loss,dice,iou,pixel_accuracy
0.2719206592211357,0.8713216559222192,0.7719840293686799,0.9611611938476622
