loss,pixel_accuracy,macro_dice_fg,macro_iou_fg
2.238235020637512,0.7502344131470202,0.23800020437042657,0.14152734697568775
