loss,dice,iou,pixel_accuracy
0.22473527032595414,0.8943136113643607,0.8088311663743987,0.9691624450683641
