loss,pixel_accuracy,macro_dice_fg,macro_iou_fg
2.143900012969971,0.7556993484497535,0.24572163639129474,0.15034637647351795
