loss,pixel_accuracy,macro_dice_fg,macro_iou_fg
2.246839761734009,0.7469694137573724,0.22579883823396454,0.13414920715337386
