loss,dice,iou,pixel_accuracy
0.34417615830898285,0.8419856809081786,0.7270943606024459,0.9539796875000179
