loss,pixel_accuracy,macro_dice_fg,macro_iou_fg
2.4689666867256164,0.6757976436191996,0.13890117027106486,0.07842427903987478
