loss,pixel_accuracy,macro_dice_fg,macro_iou_fg
2.3587669372558593,0.7486730575562002,0.18939087469156193,0.11260242106425164
