loss,pixel_accuracy,macro_dice_fg,macro_iou_fg
2.2379934072494505,0.7498058319092273,0.22936272501383628,0.1359650106451648
