loss,pixel_accuracy,macro_dice_fg,macro_iou_fg
2.2379934072494505,0.7525516510010237,0.22727901106045748,0.13485761785218245
