loss,dice,iou,pixel_accuracy
0.3455277497951801,0.8425244681162016,0.7278982966880694,0.9505538940429763
