loss,pixel_accuracy,macro_dice_fg,macro_iou_fg
1.8768614411354065,0.861238288879421,0.1596198644640916,0.0898370064116825
