loss,dice,iou,pixel_accuracy,threshold,selected_threshold,pos_weight
0.3391988048186669,0.8966665957884665,0.8126887053051197,0.9688558959960984,0.65,0.65,5.955541161249068
