loss,dice,iou,pixel_accuracy
0.34231167229322285,0.8581854287738276,0.751597895490468,0.9531872558593821
