loss,pixel_accuracy,macro_dice_fg,macro_iou_fg
2.3587522506713867,0.7422521591187015,0.17366032544589027,0.10351095488843105
