loss,dice,iou,pixel_accuracy
0.30196423599353206,0.8610566161845946,0.7560135371261602,0.9595175170898499
