loss,pixel_accuracy,macro_dice_fg,macro_iou_fg
2.238124632835388,0.7518510818481918,0.23227383243559332,0.1375147453202103
