loss,dice,iou,pixel_accuracy
0.2672219115954179,0.8905679980166518,0.8027242737046967,0.9673130967882033
