loss,pixel_accuracy,macro_dice_fg,macro_iou_fg
2.280769443511963,0.7494557698568558,0.21572836570024037,0.1319251261914639
