loss,dice,iou,pixel_accuracy
0.31657982560304493,0.8580878634194629,0.7514482383812273,0.9570129394531316
