loss,pixel_accuracy,macro_dice_fg,macro_iou_fg
2.1909671306610106,0.7753643229698917,0.1806855659925762,0.10383527481325149
