loss,pixel_accuracy,macro_dice_fg,macro_iou_fg
2.2381863594055176,0.7477262496948722,0.2294105946965232,0.13649652410478863
